{"task1": [1.1611015532036637, 1.2169686348578783, 3.8171960993534175, 2.1577367083828145, 17.53449972356085, 13.749230523405476, 0.11441551070947108, 0.9750002110024923, 2.0481280123278074, 0.4178554470186725, 7.299732493572025, 5.405127802564358, 2.0541374149458744, 6.71079347281296, 3.03653640842388, 9.498185286556286, 3.7630890450319083, 1.8641906049463526, 10.670770020027398, 5.291772589866002, 0.912245460839306, 0.20732586478679277, 12.816310409006174, 1.6373225835853016, 6.291571550369559, 20.239709319388293, 16.466083091274903, 13.474719001142073, 5.2761044442380856, 0.7250110520819842, 4.519523979103389, 4.225904366704887, 4.775521858228876, 13.912436341952132, 7.24644943484495, 9.313787360469487, 1.0596535411727601, 5.682048493486052, 4.5807379490262905, 3.3300869947532497, 5.307227776030219, 5.6272294256742645, 4.913975701062781, 4.802205375719392, 6.501355432613329, 11.47165060247919, 1.1319709719592113, 4.803995448402746, 3.272807297357087, 15.777869833110813, 4.517699029348238, 0.17814530949575066, 3.5284844379917275, 5.934930515784213, 6.125013426408485, 8.159217498552128, 5.019810939931819, 0.408248290463863, 7.4957996896270505, 4.283283920775676, 0.2637521893583148, 2.049056675010037, 6.8132996874920275, 8.405557343559956, 2.999321190171195, 5.6285099470110636, 3.655702647879198, 2.0465731207219395, 5.879747322073336, 9.329263895676059, 3.139348229106255, 0.5607987647363063, 0.6950480468569159, 10.191007784407427, 4.568082535241728, 9.192388155425117, 1.0021428596001425, 12.690431782391386, 7.765802747153207, 3.212717121212626, 4.218792040149278, 3.5777087639996634, 0.769800358919501, 0.8945002144062506, 5.085382100797452, 6.804547614641353, 6.163512150222625, 2.914609664251715, 7.816784172767301, 0.46205845409189783, 12.28312270520947, 2.0787069844672015, 19.79524821394902, 8.642489395470479, 9.065168465359845, 6.214172255980044, 6.830992648790024, 8.546023022424297, 7.3876871941035835, 0.16442642142942065], "task2": [29.629844392546183, 21.271746037577156, 39.167570695513476, 42.51326464355224, 25.824123847066797, 34.73198427198685, 21.55885231720955, 33.37216354216304, 11.672593420194637, 16.00268923632796, 43.12657326792425, 34.2199785340491, 20.88821669187017, 12.788293825238569, 27.740498610723492, 60.284583447604156, 47.81311500916767, 39.20795949308538, 44.99855363308826, 50.86446402302331, 38.83116116404721, 59.392957484403, 25.41391149133609, 71.75945843853158, 22.967606359609242, 38.8473178400593, 49.725404437222515, 13.25572652532805, 46.97814442596342, 59.34613863761029, 30.025694421014343, 28.4873065536445, 11.630961036030865, 44.001821219964505, 50.82957069220025, 26.300703285972848, 28.636776340207483, 26.64458362899459, 17.962237685763508, 79.26970361214435, 37.71746977588837, 42.45943959519047, 31.750440692451104, 54.19201835801993, 37.18292776267721, 31.233139161747932, 10.094938929963202, 11.407907383792743, 67.0280759933574, 13.732450981215992, 46.14089935983624, 27.23369446830431, 13.353611495921003, 31.34003212071138, 23.560117002291232, 10.78409803635947, 52.597953935085314, 26.188089983639525, 24.203237376117922, 32.1709644024589, 60.342927225129074, 14.150821189505969, 21.34959611292726, 59.814872666844806, 53.61417093306553, 19.769416442436164, 57.50189702547936, 47.79943428631007, 56.56370997403236, 28.088648956083066, 41.14633980228736, 60.33677082915871, 50.7806449456663, 20.681602914200123, 58.59364732196159, 30.717947765057907, 18.2904717846736, 40.40300486527525, 38.88383273712685, 33.543949317442326, 36.075039855631275, 45.40302984828623, 14.018547893393597, 13.00371028470497, 34.480909699518236, 53.84230367340938, 38.769572339816506, 63.14959329256113, 63.49028812855116, 46.36631004852381, 30.669196636966724, 37.70090641078936, 74.26595232040428, 44.22673034873904, 47.638730579388145, 93.14152630609834, 42.01841386689153, 50.06499042492482, 28.879584122858468, 60.53936925942109], "task3": [9.191186773314003, 9.895580350485849, 21.6421868403146, 7.587524358246548, 21.440302664507612, 33.75017384024055, 16.810440025095975, 26.10860762441749, 6.496009709386006, 6.068879195190763, 16.89579419344956, 26.896311518121557, 20.840991598730042, 9.4453979515566, 12.516738821264735, 29.97353344294883, 23.43674032764276, 38.25601190216618, 34.35818636742294, 49.921367898810374, 24.421794434287797, 33.41474489919847, 23.407355073844062, 71.42060639851141, 22.577772220737977, 27.35733768022783, 21.30458370995344, 8.231274750654565, 32.52918238880829, 29.057070846738103, 10.966288536335938, 24.33125003461534, 5.919244839612712, 41.4001558079665, 35.38981974329111, 8.984544174195774, 27.04205555720334, 3.4612090025254174, 10.248977919257959, 64.05087775251201, 27.506859736941664, 33.472459825494454, 13.000780213141747, 38.01752418679765, 22.63906763744484, 6.8080423032098665, 7.298340107859617, 11.226743242811944, 44.9387014519015, 12.19299966295642, 35.32356598127842, 5.349808687685596, 7.572932790189885, 18.03414507780622, 7.778888771357342, 6.454852192109958, 38.935693623615535, 25.318880579589013, 6.999716284906022, 13.41465022095154, 25.247136921042497, 2.5040432626604705, 4.734775820217419, 22.01233755388363, 42.37927245120067, 10.494013300379681, 41.83154842861081, 43.82057985122483, 47.388150066059836, 24.566519579944032, 28.891646971176854, 55.91021136146108, 49.356706870282146, 18.53718144131526, 33.16107417062794, 15.761569068383025, 16.375344356717996, 13.933467555666907, 37.67352567192398, 29.42639607511654, 22.881470412775283, 22.680584240115774, 12.858636636117447, 10.481517425013502, 13.883528381231825, 52.601425595000194, 29.78741553710966, 9.729865067881104, 51.25948889930811, 44.38621914992595, 5.868204908855954, 34.12638247804778, 68.83136968606546, 17.163220261531027, 41.40626764596977, 91.63599578490506, 32.28159315837915, 35.049403187049506, 18.37967781180948, 42.32002995972074]}